{"cameraMode":{"drawMode":0,"name":"Shaded","section":"Shading Mode"},"sceneLighting":false,"audioPlay":false,"sceneViewState":{"showFog":true,"showMaterialUpdate":false,"showSkybox":false,"showFlares":true,"showImageEffects":true,"showParticleSystems":true},"in2DMode":false,"pivot":{"x":9.264379501342774,"y":87.31446075439453,"z":59.25567626953125},"rotation":{"x":-0.009894773364067078,"y":0.9823962450027466,"z":-0.04272386059165001,"w":-0.1836186796426773},"size":26.115129470825197,"orthographic":false}